{
  "project_info": {
    "project_number": "633582596926",
    "firebase_url": "https://covid-checkin-app.firebaseio.com",
    "project_id": "covid-checkin-app",
    "storage_bucket": "covid-checkin-app.appspot.com"
  },
  "client": [
    {
      "client_info": {
        "mobilesdk_app_id": "1:633582596926:android:44b0d0ee909a5eb5eb326f",
        "android_client_info": {
          "package_name": "com.example.app_covid"
        }
      },
      "oauth_client": [
        {
          "client_id": "633582596926-sg02d66vg7sdg68clevt6d45vhs2ek98.apps.googleusercontent.com",
          "client_type": 3
        }
      ],
      "api_key": [
        {
          "current_key": "AIzaSyCoLWEx9iw3qc-a0s84ciG5p0zAFEnj8vo"
        }
      ],
      "services": {
        "appinvite_service": {
          "other_platform_oauth_client": [
            {
              "client_id": "633582596926-sg02d66vg7sdg68clevt6d45vhs2ek98.apps.googleusercontent.com",
              "client_type": 3
            }
          ]
        }
      }
    },
    {
      "client_info": {
        "mobilesdk_app_id": "1:633582596926:android:fcb2314c63e51958eb326f",
        "android_client_info": {
          "package_name": "com.example.covid_app"
        }
      },
      "oauth_client": [
        {
          "client_id": "633582596926-sg02d66vg7sdg68clevt6d45vhs2ek98.apps.googleusercontent.com",
          "client_type": 3
        }
      ],
      "api_key": [
        {
          "current_key": "AIzaSyCoLWEx9iw3qc-a0s84ciG5p0zAFEnj8vo"
        }
      ],
      "services": {
        "appinvite_service": {
          "other_platform_oauth_client": [
            {
              "client_id": "633582596926-sg02d66vg7sdg68clevt6d45vhs2ek98.apps.googleusercontent.com",
              "client_type": 3
            }
          ]
        }
      }
    }
  ],
  "configuration_version": "1"
}